{"app_name":"jDicto","prof":"Patrick Cardona","titre":"Dictée n° 4 en 5e","texte":"SILVESTRE. — Il est vrai que tu es maître de tes épaules, et tu en disposeras comme il te plaira.\nSCAPIN.— Ces sortes de périls ne m'ont jamais arrêté, et je hais ces cœurs pusillanimes qui, pour trop prévoir les suites des choses, n'osent rien entreprendre.\nZERBINETTE. — Nous aurons besoin de tes soins.\nSCAPIN. — Allez : j'irai bientôt vous rejoindre. Il ne sera pas dit qu'impunément on m'ait mis en état de me trahir moi-même, et de découvrir des secrets qu'il était bon qu'on ne sache pas.","audio":"dictee54","ouvrage":"Les Fourberies de Scapin, Acte III, scène 1","auteur":"Molière"}