{"app_name":"jecho","prof":"Patrick Cardona","titre":"Mise en page d'un texte de théâtre","texte":"Scène 4 Géronte Lucas Géronte Holà! Lucas, n'as-tu point vu ici notre médecin ? Lucas Eh! oui, de par tous les diables, je l'ai vu, et ma femme aussi. Géronte Où est-ce donc qu'il peut être ? Lucas Je ne sais ; mais je voudrais qu'il soit à tous les diables ! Géronte Va-t'en voir un peu ce que fait ma fille.","correction":"Scène 4. Géronte, Lucas.\n\nGéronte : Holà! Lucas, n'as-tu point vu ici notre médecin ?\nLucas : Eh! oui, de par tous les diables, je l'ai vu, et ma femme aussi.\nGéronte : Où est-ce donc qu'il peut être ?\nLucas : Je ne sais ; mais je voudrais qu'il soit à tous les diables !\nGéronte : Va-t'en voir un peu ce que fait ma fille.","ouvrage":"Le Médecin malgré lui","auteur":"Molière","consigne":"Mettez en page ce texte de théâtre."}